"","parameter","max","min"
"1","Halflife",28.9304125029432,19.8952167663712
"2","Efficacy",0.980619917445029,0.831491068526518
