"","parameter","max","min"
"1","Halflife",8.80890671047077,5.11994981497665
"2","MaxKillingRate",29.9626115246179,2.28038097945423
"3","Slope",7.91928359571129,1.41002563224314
