"","parameter","max","min"
"1","Halflife",5.98378247023415,1.37285426217431
"2","MaxKillingRate",6.52517300957003,2.24654745260406
"3","Slope",6.09289186271906,1.58500164400903
