"","parameter","max","min"
"1","Halflife",29.8344977665773,23.7840913679414
"2","Efficacy",0.992004731122964,0.805260534176338
